{
    "train_loss": [
        0.5089518417252434,
        0.4119515970018175,
        0.33428165515263875,
        0.346134164598253,
        0.3125524753994412
    ],
    "train_acc": [
        0.8144444444444444,
        0.8561111111111112,
        0.8794444444444445,
        0.8738888888888889,
        0.885
    ],
    "val_loss": [
        0.5660992107933595,
        0.48914690697358715,
        0.4784010916493005,
        0.32089800040755007,
        0.4791551523738437
    ],
    "val_acc": [
        0.8155555555555556,
        0.84,
        0.8466666666666667,
        0.8911111111111111,
        0.7911111111111111
    ]
}