{
    "train_loss": [
        0.5420448734337519
    ],
    "train_acc": [
        0.7959977765425236
    ],
    "val_loss": [
        0.7069906334413423
    ],
    "val_acc": [
        0.8044444444444444
    ]
}