{
    "train_loss": [
        0.4919474242793189,
        0.3398394907183117,
        0.285101228290134,
        0.25846855401992797,
        0.2536495531929864,
        0.2550091422928704,
        0.22989954630533854,
        0.22484382814831205,
        0.21318433807955847,
        0.23092010991440878
    ],
    "train_acc": [
        0.8144444444444444,
        0.8772222222222222,
        0.8944444444444445,
        0.9,
        0.9055555555555556,
        0.9016666666666666,
        0.915,
        0.9166666666666666,
        0.9183333333333333,
        0.9155555555555556
    ],
    "val_loss": [
        0.3202526530126731,
        0.24033015234602823,
        0.31634422882460056,
        0.21324244495895173,
        0.20819044034824602,
        0.2339427630717142,
        0.22438735267871784,
        0.22367895996209378,
        0.20578078001866945,
        0.21976978637915132
    ],
    "val_acc": [
        0.8822222222222222,
        0.9066666666666666,
        0.8622222222222222,
        0.9066666666666666,
        0.9155555555555556,
        0.9155555555555556,
        0.9088888888888889,
        0.9044444444444445,
        0.92,
        0.9155555555555556
    ]
}