{
    "train_loss": [
        0.2153137515919904,
        0.001830275256652385,
        0.0006629672747415801,
        3.567485708723931e-05,
        0.0005477327386809824,
        5.846234826397752e-05,
        2.9042982641840355e-05,
        2.4478691557305865e-05,
        0.00019195137268980035,
        8.106711963288641e-06
    ],
    "train_acc": [
        0.9166666666666666,
        1.0,
        1.0,
        1.0,
        1.0,
        1.0,
        1.0,
        1.0,
        1.0,
        1.0
    ],
    "val_loss": [
        0.02654640922943751,
        3.992856703310584e-05,
        1.724556386761833e-06,
        8.384375430776143e-07,
        4.4107406817299e-07,
        2.874267516340802e-07,
        1.8941027140802665e-07,
        3.5762765391053915e-07,
        1.9868210503975408e-07,
        1.9868210503975408e-07
    ],
    "val_acc": [
        1.0,
        1.0,
        1.0,
        1.0,
        1.0,
        1.0,
        1.0,
        1.0,
        1.0,
        1.0
    ]
}