{
    "train_loss": [
        0.3423392669359843,
        0.0444662544131279,
        0.09280883266280095,
        0.018260797957579296,
        0.011158331783954055,
        0.0029218325515588126,
        0.0026148069991419713,
        0.002733518769576525,
        0.0026189915960033736,
        0.001119479243643582
    ],
    "train_acc": [
        0.9,
        0.9933333333333333,
        0.9766666666666667,
        0.9966666666666667,
        0.9966666666666667,
        1.0,
        1.0,
        1.0,
        1.0,
        1.0
    ],
    "val_loss": [
        0.09296002260719737,
        0.06927551825433007,
        0.12223352957516909,
        0.0017901926818821164,
        4.594810727414572e-05,
        8.865264503078328e-05,
        8.157630178781497e-05,
        6.37134750528882e-05,
        5.3834014559268125e-05,
        0.00011676700928041505
    ],
    "val_acc": [
        1.0,
        1.0,
        1.0,
        1.0,
        1.0,
        1.0,
        1.0,
        1.0,
        1.0,
        1.0
    ]
}